PublicKey,Balance
B62qoUNZMhWHya8FRpFkgr596TtpZVJ3aJuUKf9jKVsvss2RP2c4xes,48418
B62qpzvddVA6jkgRsjAqvZ3h4i7Ti2CHJW662cjaQ8s2p9aJj64vmEn,7852
B62qo6m7x1Lom2jv534RYAFSFBspg7eZmUWL45j5CZTvsFf62dedejJ,31800
B62qpE6UWzbVgwsfkDJ32isw1hvTiYDGgZUMuyW4LsBXqCdeNTXEnCX,84801
B62qrQPeWaDRtCx1tQkv8cDJLZXiNSsGW7FbS7FYzZpVacGnD9pC7aB,72922
B62qqJEFhpxFdEoc62PbhxA215hPrCB1cNVp8NGGUP6qP4RRxzyrokv,85581
B62qqL9NYnjkgGtAB59zPZYCos53DsEEY4qj1ANDG4M8PTWscXri5hi,42838
B62qjtXY7vxerbDbt7TFYbQxdyBVUtQBPCVinFoSf5sy8ZDtmcD88YU,90257
B62qpgMUKfi36fpjZSEBffkywjJshMXb7RMNwLEFLcDxi5TsFAnYpPr,87354
B62qqLj6337uCMgXDBpvucASj88wone6LQRXzhDbqC25uDyfar6y6rs,97785